{
    "Atletico MG": "Atlético Mineiro",
    "Atletico-MG": "Atlético Mineiro",
    "Athletico-PR": "Athletico",
    "Atletico PR": "Athletico",
    "Atletico Paranaense": "Athletico",
    "Botafogo RJ": "Botafogo",
    "Botafogo": "Botafogo",
    "Flamengo RJ": "Flamengo",
    "Flamengo": "Flamengo",
    "Sao Paulo": "São Paulo",
    "Gremio": "Grêmio",
    "Internacional": "Internacional",
    "Palmeiras": "Palmeiras",
    "Santos": "Santos",
    "Corinthians": "Corinthians",
    "Bragantino": "Red Bull Bragantino",
    "Red Bull Bragantino": "Red Bull Bragantino",
    "Vasco": "Vasco da Gama",
    "Vasco da Gama": "Vasco da Gama",
    "Cruzeiro": "Cruzeiro",
    "Fluminense": "Fluminense",
    "Bahia": "Bahia",
    "Fortaleza": "Fortaleza",
    "Goias": "Goiás",
    "Coritiba": "Coritiba",
    "Ceara": "Ceará",
    "Sport": "Sport Recife",
    "Sport Recife": "Sport Recife",
    "Vitoria": "Vitória",
    "America MG": "América Mineiro",
    "América Mineiro": "América Mineiro",
    "Chapecoense": "Chapecoense",
    "Avai": "Avaí",
    "Atletico GO": "Atlético Goianiense",
    "Cuiaba": "Cuiabá",
    "Juventude": "Juventude",
    "Ponte Preta": "Ponte Preta",
    "Figueirense": "Figueirense",
    "Santa Cruz": "Santa Cruz",
    "Parana": "Paraná Clube",
    "CSA": "CSA",
    "Joinville": "Joinville",
    "Criciuma": "Criciúma",
    "Mirassol": "Mirassol",
    "Burnley": "Burnley",
    "Crystal Palace": "Crystal Palace",
    "Everton": "Everton",
    "Southampton": "Southampton",
    "Arsenal": "Arsenal",
    "Bournemouth": "Bournemouth",
    "Chelsea": "Chelsea",
    "Man United": "Manchester United",
    "Leicester": "Leicester City",
    "Liverpool": "Liverpool",
    "Newcastle": "Newcastle United",
    "Fulham": "Fulham",
    "Aston Villa": "Aston Villa",
    "Sheffield United": "Sheffield United",
    "Brentford": "Brentford",
    "Nott'm Forest": "Nottingham Forest",
    "Ipswich": "Ipswich Town",
    "Barcelona": "Barcelona",
    "Granada": "Granada",
    "Sevilla": "Sevilla",
    "Ath Madrid": "Atlético Madrid",
    "Sociedad": "Real Sociedad",
    "Valencia": "Valencia",
    "Espanol": "Espanyol",
    "Leganes": "Leganés",
    "Osasuna": "Osasuna",
    "Real Madrid": "Real Madrid",
    "Las Palmas": "Las Palmas",
    "Villarreal": "Villarreal",
    "Girona": "Girona FC",
    "Getafe": "Getafe",
    "Vallecano": "Rayo Vallecano",
    "Valladolid": "Real Valladolid",
    "Mallorca": "Mallorca",
    "Cadiz": "Cádiz",
    "Elche": "Elche",
    "Almeria": "Almería",
    "Bayern Munich": "FC Bayern München",
    "Augsburg": "FC Augsburg",
    "Ein Frankfurt": "Eintracht Frankfurt",
    "FC Koln": "1. FC Köln",
    "Hertha": "Hertha BSC",
    "Hoffenheim": "TSG Hoffenheim",
    "Schalke 04": "FC Schalke 04",
    "Darmstadt": "Darmstadt 98",
    "Freiburg": "SC Freiburg",
    "RB Leipzig": "RB Leipzig",
    "Wolfsburg": "VfL Wolfsburg",
    "Werder Bremen": "SV Werder Bremen",
    "Stuttgart": "VfB Stuttgart",
    "Union Berlin": "1. FC Union Berlin",
    "Heidenheim": "1. FC Heidenheim",
    "St Pauli": "FC St. Pauli",
    "Holstein Kiel": "Holstein Kiel",
    "Juventus": "Juventus",
    "Roma": "Roma",
    "Atalanta": "Atalanta",
    "Bologna": "Bologna",
    "Empoli": "Empoli",
    "Genoa": "Genoa",
    "Milan": "Milan",
    "Lazio": "Lazio",
    "Napoli": "Napoli",
    "Cagliari": "Cagliari",
    "Fiorentina": "Fiorentina",
    "Inter": "Inter",
    "Sampdoria": "Sampdoria",
    "Sassuolo": "Sassuolo",
    "Torino": "Torino",
    "Udinese": "Udinese",
    "Parma": "Parma",
    "Frosinone": "Frosinone",
    "Lecce": "Lecce",
    "Spezia": "Spezia",
    "Salernitana": "Salernitana",
    "Venezia": "Venezia",
    "Monza": "Monza",
    "Cremonese": "Cremonese",
    "Como": "Como",
    "Monaco": "AS Monaco",
    "Metz": "Metz",
    "Montpellier": "Montpellier",
    "Nice": "Nice",
    "Angers": "Angers",
    "Lille": "Lille",
    "Lorient": "Lorient",
    "Nantes": "Nantes",
    "Toulouse": "Toulouse",
    "Troyes": "Troyes",
    "Strasbourg": "RC Strasbourg",
    "Lens": "RC Lens",
    "Clermont": "Clermont Foot",
    "Ajaccio": "Ajaccio",
    "Auxerre": "Auxerre",
    "Le Havre": "Le Havre"
}